rowid,pl_name,pl_rade,pl_radeerr1,pl_radeerr2,pl_bmasse,pl_bmasseerr1,pl_bmasseerr2,st_teff,st_tefferr1,st_tefferr2,st_rad,st_raderr1,st_raderr2,pl_orbsmax,pl_orbsmaxerr1,pl_orbsmaxerr2,pl_insol,pl_insolerr1,pl_insolerr2,pl_rade_error,pl_bmasse_error,st_rad_error,st_teff_error,pl_orbsmax_error,pl_insol_error,pl_flux,pl_flux_error
29,55 Cnc e,1.91,0.08,-0.08,8.08,0.31,-0.31,0.899428769,0.004154405,-0.004154405,0.94,0.01,-0.01,0.01544,9.00E-05,-9.00E-05,,,,0.08,0.31,0.01,0.004154405,9.00E-05,,2425.650438,73.97066946
66,CoRoT-10 b,10.87,0.78,-0.78,874,50.85,-50.85,0.878483642,0.012982517,-0.012982517,0.79,0.05,-0.05,0.1055,0.0021,-0.0021,,,,0.78,50.85,0.05,0.012982517,0.0021,,33.39519467,4.851199548
67,CoRoT-11 b,16.03,0.34,-0.34,740.51,108.06,-108.06,1.114765449,0.020772027,-0.020772027,1.37,0.03,-0.03,0.0436,0.005,-0.005,,,,0.34,108.06,0.03,0.020772027,0.005,,1524.762334,373.732894
68,CoRoT-12 b,16.14,1.46,-1.46,291.438,22.247,-20.658,0.982343777,0.013848018,-0.013848018,1.12,0.1,-0.09,0.04016,0.00093,-0.00092,,,,1.46,21.4525,0.095,0.013848018,0.000925,,724.2735584,133.7070976
69,CoRoT-13 b,9.92,0.157,-0.157,415.704,20.976,-20.976,1.029080838,0.01557902,-0.01557902,1.01,0.03,-0.03,0.051,0.0031,-0.0031,,,,0.157,20.976,0.03,0.01557902,0.0031,,439.8457106,65.20245824
70,CoRoT-14 b,12.22,0.78,-0.78,2415.4,190.7,-190.7,1.044659858,0.017310023,-0.017310023,1.21,0.08,-0.08,0.027,0.002,-0.002,,,,0.78,190.7,0.08,0.017310023,0.002,,2391.899015,500.7362811
71,CoRoT-16 b,13.11,1.79,-1.57,170.032,27.014,-26.379,0.978016271,0.017310023,-0.017310023,1.19,0.14,-0.13,0.0618,0.0015,-0.0015,,,,1.68,26.6965,0.135,0.017310023,0.0015,,339.2355001,82.29383648
72,CoRoT-17 b,11.43,0.78,-0.78,772.29,95.34,-95.34,0.993595292,0.013848018,-0.013848018,1.59,0.07,-0.07,0.0461,0.0008,-0.0008,,,,0.78,95.34,0.07,0.013848018,0.0008,,1159.392528,127.35076
73,CoRoT-18 b,14.68,2.02,-2.02,1102.82,120.77,-120.77,0.941665224,0.017310023,-0.017310023,1,0.13,-0.13,0.0295,0.0016,-0.0016,,,,2.02,120.77,0.13,0.017310023,0.0016,,903.5290006,263.0702043
74,CoRoT-19 b,14.46,0.34,-0.34,352.78,19.07,-19.07,1.05418037,0.012117016,-0.012117016,1.65,0.04,-0.04,0.0518,0.0008,-0.0008,,,,0.34,19.07,0.04,0.012117016,0.0008,,1253.049043,92.23953152
75,CoRoT-2 b,16.432,0.471,-0.493,1102.82,69.92,-69.92,0.973688766,0.020772027,-0.020772027,0.91,0.03,-0.03,0.02798,0.00076,-0.0008,,,,0.482,69.92,0.03,0.020772027,0.00078,,950.7536498,115.4200819
78,CoRoT-21 b,14.572,1.569,-1.569,718.2958,98.5273,-98.5273,1.073221395,0.017310023,-0.017310023,1.95,0.21,-0.21,0.0417,0.0011,-0.0011,,,,1.569,98.5273,0.21,0.017310023,0.0011,,2901.044567,669.9858528
80,CoRoT-23 b,11.77,1.46,-1.46,889.9,95.3,-95.3,1.021291328,0.017310023,-0.017310023,1.61,0.18,-0.18,0.048,0.004,-0.004,,,,1.46,95.3,0.18,0.017310023,0.004,,1223.961772,351.2839142
83,CoRoT-25 b,12.11,3.4,-1.12,85.81,12.71,-12.71,1.045525359,0.01557902,-0.01557902,1.19,0.14,-0.03,0.0578,0.002,-0.0009,,,,2.26,12.71,0.085,0.01557902,0.00145,,506.4965952,82.41739305
84,CoRoT-26 b,14.12,1.46,-0.78,165.26,15.89,-15.89,0.967630258,0.017310023,-0.017310023,1.79,0.18,-0.09,0.0526,0.001,-0.001,,,,1.12,15.89,0.135,0.017310023,0.001,,1015.24845,173.8363425
86,CoRoT-28 b,10.705,0.74,-0.74,153.82972,27.65121,-27.65121,0.891466159,0.017310023,-0.017310023,1.78,0.11,-0.11,0.0603,0.005,-0.005,,,,0.74,27.65121,0.11,0.017310023,0.005,,550.332076,121.5854478
89,CoRoT-4 b,13.34,0.67,-0.56,228.83,25.43,-25.43,1.071490393,0.010386014,-0.010386014,1.17,0.01,-0.03,0.09,0.001,-0.001,,,,0.615,25.43,0.02,0.010386014,0.001,,222.7613445,12.53402958
90,CoRoT-5 b,15.558,0.516,-0.527,148.42,14.937,-7.628,1.055911373,0.011251515,-0.011251515,1.19,0.04,-0.04,0.04947,0.00026,-0.00029,,,,0.5215,11.2825,0.04,0.011251515,0.000275,,719.3164163,57.81343137
91,CoRoT-6 b,13.068,0.392,-0.392,940.74,108.06,-108.06,1.05418037,0.012117016,-0.012117016,1.02,0.03,-0.03,0.0855,0.0015,-0.0015,,,,0.392,108.06,0.03,0.012117016,0.0015,,175.7631448,14.49938485
94,CoRoT-8 b,6.39,0.22,-0.22,69.92,9.53,-9.53,0.879349143,0.013848018,-0.013848018,0.77,0.02,-0.02,0.063,0.001,-0.001,,,,0.22,9.53,0.02,0.013848018,0.001,,89.31938629,7.82471398
95,CoRoT-9 b,11.949,0.841,-0.706,266.9772,15.8915,-15.8915,0.973688766,0.013848018,-0.013848018,0.96,0.06,-0.06,0.4021,0.0054,-0.0054,,,,0.7735,15.8915,0.06,0.013848018,0.0054,,5.123360986,0.716954852
134,GJ 1214 b,2.847,0.202,-0.202,6.26125,0.85814,-0.85814,0.523801281,0.025965034,-0.025965034,0.22,0.01,-0.01,0.01411,0.00032,-0.00032,,,,0.202,0.85814,0.01,0.025965034,0.00032,,18.30027259,4.077199664
136,GJ 143 b,2.61,0.17,-0.16,22.7,2.2,-1.9,0.803185044,0.017310023,-0.017310023,0.69,0.03,-0.03,0.1915,0.0058,-0.0063,,,,0.165,2.05,0.03,0.017310023,0.00605,,5.402852072,0.744446707
157,GJ 3470 b,4.57,0.18,-0.18,13.9,1.5,-1.5,0.62316081,0.017310023,-0.017310023,0.55,0.02,-0.02,0.0355,0.0019,-0.0019,,,,0.18,1.5,0.02,0.017310023,0.0019,,36.19671896,6.173952792
158,GJ 357 b,1.217,0.084,-0.083,1.84,0.31,-0.31,0.606716289,0.008828111,-0.008828111,0.34,0.01,-0.01,0.035,0.002,-0.002,12.6,1.1,-0.8,0.0835,0.31,0.01,0.008828111,0.002,0.95,12.78687337,1.804217003
198,GJ 9827 b,1.577,0.027,-0.031,4.91,0.49,-0.49,0.751254977,0.006924009,-0.009174312,0.6,0.01,0,0.0188,0.0002,-0.00014,,,,0.029,0.49,0.005,0.00804916,0.00017,,324.4413876,16.03142194
200,GJ 9827 d,2.022,0.046,-0.043,4.04,0.82,-0.84,0.751254977,0.006924009,-0.009174312,0.6,0.01,0,0.05591,0.00059,-0.00041,,,,0.0445,0.83,0.005,0.00804916,0.0005,,36.68368573,1.809966311
207,HAT-P-1 b,14.785,0.213,-0.213,166.86075,6.03877,-6.03877,1.035139346,0.008481911,-0.008481911,1.17,0.03,-0.03,0.05561,0.00082,-0.00083,,,,0.213,6.03877,0.03,0.008481911,0.000825,,508.2310555,34.4116839
208,HAT-P-11 b,4.36,0.06,-0.06,23.4,1.5,-1.5,0.827419076,0.008655011,-0.008655011,0.68,0.01,-0.01,0.05254,0.00064,-0.00066,,,,0.06,1.5,0.01,0.008655011,0.00065,,78.51268049,4.460695162
210,HAT-P-12 b,10.749,0.325,-0.235,67.059,3.814,-3.814,0.804916046,0.010386014,-0.010386014,0.7,0.02,-0.01,0.0384,0.0003,-0.0003,,,,0.28,3.814,0.015,0.010386014,0.0003,,139.4877191,9.608230705
215,HAT-P-16 b,14.448,0.74,-0.74,1332.605,29.875,-29.875,1.065951186,0.013848018,-0.013848018,1.24,0.05,-0.05,0.0413,0.0004,-0.0004,,,,0.74,29.875,0.05,0.013848018,0.0004,,1163.838006,113.908828
218,HAT-P-18 b,11.153,0.583,-0.583,62.61,4.132,-4.132,0.831400381,0.013848018,-0.013848018,0.75,0.04,-0.04,0.0559,0.0007,-0.0007,,,,0.583,4.132,0.04,0.013848018,0.0007,,86.00818587,11.02915736
219,HAT-P-19 b,12.689,0.807,-0.807,92.802,5.721,-5.721,0.863770123,0.022503029,-0.022503029,0.82,0.05,-0.05,0.0466,0.0008,-0.0008,,,,0.807,5.721,0.05,0.022503029,0.0008,,172.3648016,28.27537797
221,HAT-P-20 b,9.718,0.37,-0.37,2302.899,59.432,-59.432,0.795395534,0.013848018,-0.013848018,0.69,0.02,-0.02,0.0361,0.0005,-0.0005,,,,0.37,59.432,0.02,0.013848018,0.0005,,146.2232291,13.8548585
226,HAT-P-25 b,12.722,0.538,-0.538,180.84527,7.31009,-6.99226,0.955340142,0.013501818,-0.013155617,0.92,0.03,-0.03,0.0466,0.00081,-0.0008,325,29,-26,0.538,7.151175,0.03,0.013328717,0.000805,27.5,324.6653399,30.04059985
228,HAT-P-27 b,11.43,0.78,-0.67,197.05,9.53,-9.53,0.917431193,0.01557902,-0.01557902,0.9,0.05,-0.04,0.04,0.0008,-0.0008,,,,0.725,9.53,0.045,0.01557902,0.0008,,358.6402631,45.66680914
229,HAT-P-28 b,13.585,1.267,-0.919,198.953,11.759,-11.759,0.983209278,0.01557902,-0.01557902,1.1,0.09,-0.07,0.0434,0.0007,-0.0007,,,,1.093,11.759,0.08,0.01557902,0.0007,,600.3296368,97.19903692
234,HAT-P-32 b,22.194,0.504,-0.504,216.1244,34.9613,-31.783,1.03877445,0.01523282,-0.01523282,1.37,0.03,-0.03,0.03397,0.00051,-0.0005,1841,31,-38,0.504,33.37215,0.03,0.01523282,0.000505,34.5,1893.804209,149.6307389
238,HAT-P-36 b,14.314,0.224,-0.224,587.41341,27.65121,-27.65121,0.972823265,0.006924009,-0.006924009,1.04,0.01,-0.01,0.0241,0.00047,-0.00047,,,,0.224,27.65121,0.01,0.006924009,0.00047,,1667.893766,86.69314661
245,HAT-P-42 b,14.348,1.715,-1.715,331.801,26.379,-26.379,0.994114592,0.008655011,-0.008655011,1.53,0.14,-0.14,0.0575,0.0011,-0.0011,,,,1.715,26.379,0.14,0.008655011,0.0011,,691.5012464,131.5090432
246,HAT-P-43 b,14.359,0.695,-0.37,210.395,19.069,-19.069,0.97715077,0.012809417,-0.012809417,1.1,0.04,-0.02,0.0443,0.0004,-0.0006,,,,0.5325,19.069,0.03,0.012809417,0.0005,,562.113781,44.38305605
247,HAT-P-44 b,13.922,1.188,-0.572,111.871,9.217,-9.217,0.916565692,0.017310023,-0.017310023,0.95,0.08,-0.04,0.0507,0.0007,-0.0007,,,,0.88,9.217,0.06,0.017310023,0.0007,,247.7910863,37.10659626
249,HAT-P-45 b,15.984,1.962,-0.975,283.492,43.541,-31.464,1.095724424,0.017310023,-0.017310023,1.32,0.15,-0.07,0.0452,0.0007,-0.0007,,,,1.4685,37.5025,0.11,0.017310023,0.0007,,1229.352313,222.4083318
250,HAT-P-46 b,14.392,3.038,-1.491,156.684,26.061,-16.526,1.059373377,0.017310023,-0.017310023,1.4,0.29,-0.14,0.0577,0.0014,-0.0009,,,,2.2645,21.2935,0.215,0.017310023,0.00115,,741.4820867,234.7086832
253,HAT-P-50 b,14.437,0.717,-0.717,429.0705,23.20159,-23.20159,1.087069413,0.008481911,-0.008481911,1.7,0.07,-0.07,0.0453,0.00058,-0.0014,,,,0.717,23.20159,0.07,0.008481911,0.00099,,1966.6657,193.3596019
254,HAT-P-51 b,14.493,0.605,-0.605,98.20947,5.72094,-5.72094,0.943223126,0.008655011,-0.008655011,1.04,0.04,-0.03,0.05069,0.00049,-0.00049,,,,0.605,5.72094,0.035,0.008655011,0.00049,,333.1807163,26.34294647
255,HAT-P-52 b,11.31,0.807,-0.807,259.98494,9.21707,-9.21707,0.888177255,0.008655011,-0.008655011,0.89,0.05,-0.05,0.03694,0.00038,-0.00038,,,,0.807,9.21707,0.05,0.008655011,0.00038,,361.2308388,43.59877786
256,HAT-P-53 b,14.773,1.02,-1.02,471.65972,17.79848,-17.79848,1.03098494,0.008655011,-0.008655011,1.21,0.08,-0.06,0.03159,0.00042,-0.00042,,,,1.02,17.79848,0.07,0.008655011,0.00042,,1657.603958,204.5090816
257,HAT-P-54 b,10.581,0.314,-0.314,241.5508,10.17056,-10.17056,0.759909988,0.008655011,-0.008655011,0.62,0.01,-0.01,0.04117,0.00043,-0.00043,,,,0.314,10.17056,0.01,0.008655011,0.00043,,75.62584771,4.507498572
258,HAT-P-55 b,13.249,0.616,-0.616,184.97706,17.79848,-17.79848,1.005366107,0.008655011,-0.008655011,1.01,0.04,-0.04,0.04604,0.00056,-0.00056,,,,0.616,17.79848,0.04,0.008655011,0.00056,,491.6647564,44.11706779
262,HAT-P-65 b,21.185,1.457,-1.457,167.49641,26.37989,-26.37989,1.010039813,0.008828111,-0.008828111,1.86,0.1,-0.1,0.03951,0.00054,-0.00054,,,,1.457,26.37989,0.1,0.008828111,0.00054,,2306.565545,268.3114458
263,HAT-P-66 b,17.822,1.793,-1.121,248.86089,18.11631,-18.11631,1.038947551,0.008655011,-0.008655011,1.88,0.15,-0.1,0.04363,0.00121,-0.00064,,,,1.457,18.11631,0.125,0.008655011,0.000925,,2163.315026,310.4311282
265,HAT-P-69 b,18.786,0.572,-0.37,1137.8314,184.3414,-184.3414,1.279903064,0.062316081,-0.103860135,1.93,0.06,-0.03,0.06555,0.0007,-0.00035,,,,0.471,184.3414,0.045,0.083088108,0.000525,,2326.363315,614.8805393
269,HAT-P-9 b,15.614,0.751,-0.729,238.05467,20.34112,-20.02329,1.099186429,0.025965034,-0.025965034,1.34,0.07,-0.06,0.05287,0.00078,-0.00078,931,73,-69,0.74,20.182205,0.065,0.025965034,0.00078,71,937.7269699,129.9709116
271,HATS-10 b,10.862,0.684,-0.504,167.17858,25.74423,-25.74423,1.017829323,0.020772027,-0.020772027,1.1,0.06,-0.04,0.04491,0.00074,-0.00074,,,,0.594,25.74423,0.05,0.020772027,0.00074,,643.8713402,81.48056751
274,HATS-13 b,13.585,0.392,-0.392,172.58169,22.88376,-22.88376,0.956032543,0.011943916,-0.011943916,0.89,0.02,-0.02,0.04057,0.00041,-0.00041,,,,0.392,22.88376,0.02,0.011943916,0.00041,,402.0320724,28.21611027
275,HATS-14 b,11.646,0.359,-0.247,340.39593,22.2481,-22.2481,0.925393803,0.010386014,-0.010386014,0.93,0.02,-0.01,0.03815,0.00032,-0.00032,,,,0.303,22.2481,0.015,0.010386014,0.00032,,435.7959201,25.17613979
276,HATS-15 b,12.386,0.448,-0.448,689.6911,47.6745,-47.6745,0.919335295,0.013328717,-0.013328717,0.92,0.03,-0.03,0.02712,0.00023,-0.00023,,,,0.448,47.6745,0.03,0.013328717,0.00023,,822.0382382,73.08366469
277,HATS-16 b,14.572,1.681,-1.681,1039.3041,60.3877,-60.3877,0.993249091,0.013674918,-0.013674918,1.24,0.1,-0.13,0.03744,0.00045,-0.00045,,,,1.681,60.3877,0.115,0.013674918,0.00045,,1067.589751,208.152568
278,HATS-17 b,8.709,0.628,-0.628,425.25654,20.65895,-20.65895,1.011943916,0.013501818,-0.013501818,1.09,0.07,-0.05,0.1308,0.0012,-0.0012,72.7,9.6,-9.6,0.628,20.65895,0.06,0.013501818,0.0012,9.6,72.82211394,9.009129243
279,HATS-18 b,14.897,0.841,-0.841,629.14449,24.15508,-24.15508,0.96936126,0.020772027,-0.020772027,1.02,0.06,-0.03,0.0174,0.00098,-0.00098,,,,0.841,24.15508,0.045,0.020772027,0.00098,,3034.201962,506.0936465
280,HATS-2 b,13.092,0.336,-0.336,427.463,47.672,-47.672,0.904794876,0.016444521,-0.016444521,0.9,0.02,-0.02,0.023,0.0003,-0.0003,,,,0.336,47.672,0.02,0.016444521,0.0003,,1026.194959,91.44685369
281,HATS-22 b,10.682,0.538,-0.325,870.8542,34.9613,-34.9613,0.831400381,0.009520512,-0.009520512,0.69,0.03,-0.02,0.05025,0.00042,-0.00042,,,,0.4315,34.9613,0.025,0.009520512,0.00042,,90.0879959,7.868405083
282,HATS-23 b,20.849,3.363,-4.484,467.2101,22.88376,-22.88376,1.000519301,0.020772027,-0.020772027,1.2,0.06,-0.08,0.03397,0.00047,-0.00047,,,,3.9235,22.88376,0.07,0.020772027,0.00047,,1250.470014,182.385631
283,HATS-24 b,15.637,0.639,-0.639,718.2958,54.0311,-54.0311,1.060238878,0.016271421,-0.016271421,1.12,0.04,-0.05,0.0238,0.001,-0.001,,,,0.639,54.0311,0.045,0.016271421,0.001,,2798.317788,367.9269163
284,HATS-25 b,14.123,1.121,-1.121,194.82979,13.34886,-13.34886,0.989267786,0.012636316,-0.012636316,1.11,0.07,-0.07,0.05163,0.0006,-0.0006,,,,1.121,13.34886,0.07,0.012636316,0.0006,,442.6874155,61.11421475
285,HATS-26 b,19.616,2.354,-2.354,206.5895,24.15508,-24.15508,1.050891466,0.014021118,-0.014021118,2.04,0.15,-0.11,0.04735,0.00133,-0.00068,,,,2.354,24.15508,0.13,0.014021118,0.001005,,2263.871799,327.2366613
286,HATS-27 b,16.814,2.242,-1.233,168.4499,41.3179,-41.3179,1.114419249,0.011078414,-0.011078414,1.74,0.17,-0.1,0.0611,0.00068,-0.00068,,,,1.7375,41.3179,0.135,0.011078414,0.00068,,1250.865157,202.296613
287,HATS-28 b,13.384,0.785,-0.785,213.58176,27.65121,-27.65121,0.951705037,0.014540419,-0.014540419,0.92,0.04,-0.04,0.04131,0.00053,-0.00053,,,,0.785,27.65121,0.04,0.014540419,0.00053,,406.887864,44.48806487
288,HATS-29 b,14.022,0.684,-0.684,207.54299,20.02329,-20.02329,0.981478276,0.019041025,-0.019041025,1.07,0.04,-0.04,0.05475,0.00088,-0.00088,,,,0.684,20.02329,0.04,0.019041025,0.00088,,354.423144,39.85544559
289,HATS-3 b,15.48,0.392,-0.392,340.382,43.223,-43.223,1.099359529,0.013155617,-0.013155617,1.4,0.03,-0.03,0.0485,0.0004,-0.0006,,,,0.392,43.223,0.03,0.013155617,0.0005,,1217.114888,82.12648331
290,HATS-30 b,13.171,0.583,-0.583,224.38798,12.39537,-12.39537,1.028734637,0.012117016,-0.012117016,1.06,0.04,-0.04,0.04354,0.00042,-0.00042,,,,0.583,12.39537,0.04,0.012117016,0.00042,,663.8169415,60.43262909
291,HATS-31 b,18.383,2.466,-2.466,279.6904,38.1396,-38.1396,1.047256361,0.020772027,-0.020772027,1.87,0.18,-0.18,0.0478,0.0012,-0.0012,,,,2.466,38.1396,0.18,0.020772027,0.0012,,1840.939212,394.3092976
292,HATS-32 b,14,1.614,-1.076,292.4036,31.783,-31.783,0.986671283,0.019041025,-0.019041025,1.1,0.1,-0.06,0.04024,0.00053,-0.00053,,,,1.345,31.783,0.08,0.019041025,0.00053,,708.2056362,118.1020324
293,HATS-33 b,13.787,1.255,-0.908,378.85336,16.84499,-16.84499,0.979574173,0.014713519,-0.014713519,1.02,0.05,-0.04,0.03727,0.00037,-0.00037,,,,1.0815,16.84499,0.045,0.014713519,0.00037,,689.6533714,74.8820459
294,HATS-34 b,16.029,2.13,-2.13,299.07803,22.88376,-22.88376,0.931279211,0.012636316,-0.012636316,0.98,0.05,-0.05,0.03166,0.00034,-0.00034,,,,2.13,22.88376,0.05,0.012636316,0.00034,,720.6924341,84.72176302
295,HATS-35 b,16.41,0.773,-0.493,388.38826,24.79074,-24.79074,1.090531418,0.017310023,-0.017310023,1.43,0.06,-0.04,0.03199,0.00033,-0.00033,,,,0.633,24.79074,0.05,0.017310023,0.00033,,2826.157248,273.2342132
297,HATS-39 b,17.598,1.345,-1.345,200.2329,41.3179,-41.3179,1.137614679,0.014367319,-0.014367319,1.62,0.09,-0.09,0.06007,0.00058,-0.00058,,,,1.345,41.3179,0.09,0.014367319,0.00058,,1218.135259,150.5301174
298,HATS-4 b,11.433,0.415,-0.415,420.471,8.899,-8.899,0.935260516,0.008655011,-0.008655011,0.93,0.02,-0.02,0.0362,0.0002,-0.0002,,,,0.415,8.899,0.02,0.008655011,0.0002,,504.9857883,29.1942957
299,HATS-40 b,17.71,1.793,-1.345,505.3497,76.2792,-76.2792,1.118227454,0.022503029,-0.022503029,2.26,0.18,-0.11,0.04997,0.00074,-0.00074,,,,1.569,76.2792,0.145,0.022503029,0.00074,,3198.29693,493.6410845
301,HATS-42 b,15.693,2.802,-1.569,597.5204,47.6745,-47.6745,1.048987364,0.020772027,-0.020772027,1.48,0.2,-0.12,0.03689,0.00065,-0.00065,,,,2.1855,47.6745,0.16,0.020772027,0.00065,,1948.889191,453.9916249
302,HATS-43 b,13.227,0.56,-0.56,82.95363,17.16282,-17.16282,0.882638047,0.010559114,-0.010559114,0.81,0.03,-0.03,0.04944,0.00046,-0.00046,,,,0.56,17.16282,0.03,0.010559114,0.00046,,162.9084799,14.6826596
303,HATS-44 b,11.96,1.401,-0.796,177.9848,34.9613,-34.9613,0.879349143,0.017310023,-0.017310023,0.85,0.04,-0.04,0.03649,0.0003,-0.0003,,,,1.0985,34.9613,0.04,0.017310023,0.0003,,324.4408299,40.16848912
304,HATS-45 b,14.415,1.042,-1.042,222.481,47.6745,-47.6745,1.116496451,0.019041025,-0.019041025,1.31,0.06,-0.06,0.05511,0.00069,-0.00069,,,,1.042,47.6745,0.06,0.019041025,0.00069,,878.0336447,102.6651101
306,HATS-5 b,10.223,0.28,-0.28,75.323,3.814,-3.914,0.918123594,0.008655011,-0.008655011,0.87,0.02,-0.02,0.0542,0.0006,-0.0006,,,,0.28,3.864,0.02,0.008655011,0.0006,,183.081526,11.61655139
307,HATS-50 b,12.666,0.841,-0.841,123.9537,31.783,-31.783,1.036870348,0.019041025,-0.019041025,1.12,0.06,-0.06,0.05046,0.0006,-0.0006,,,,0.841,31.783,0.06,0.019041025,0.0006,,569.4287262,75.20100607
308,HATS-51 b,15.805,2.13,-2.13,244.09344,14.30235,-14.30235,0.996711096,0.010039813,-0.010039813,1.44,0.18,-0.18,0.04639,0.00077,-0.00077,,,,2.13,14.30235,0.18,0.010039813,0.00077,,950.9406467,242.8633431
309,HATS-52 b,15.491,0.964,-0.964,711.9392,47.6745,-47.6745,1.040332352,0.025965034,-0.025965034,1.05,0.06,-0.06,0.02498,0.0004,-0.0004,,,,0.964,47.6745,0.06,0.025965034,0.0004,,2069.579662,320.9758242
310,HATS-53 b,15.02,0.628,-0.628,189.10885,28.28687,-28.28687,0.97697767,0.016271421,-0.016271421,1.1,0.03,-0.02,0.04753,0.00066,-0.00066,,,,0.628,28.28687,0.025,0.016271421,0.00066,,487.9645721,41.62181329
311,HATS-54 b,11.96,0.583,-0.583,241.5508,31.783,-31.783,0.987017483,0.004500606,-0.004500606,1.32,0.04,-0.04,0.03763,0.00024,-0.00024,,,,0.583,31.783,0.04,0.004500606,0.00024,,1167.827795,75.39930227
312,HATS-55 b,14.022,0.291,-0.291,292.72143,24.15508,-24.15508,1.075644798,0.006231608,-0.006231608,1.13,0.01,-0.01,0.05412,0.00014,-0.00018,,,,0.291,24.15508,0.01,0.006231608,0.00016,,583.6020875,17.36380353
313,HATS-56 b,18.921,0.437,-0.616,191.33366,11.12405,-11.12405,1.131383071,0.005366107,-0.005366107,2.2,0.04,-0.04,0.06043,0.00022,-0.00022,,,,0.5265,11.12405,0.04,0.005366107,0.00022,,2171.59522,90.46095863
314,HATS-57 b,12.767,0.314,-0.314,1000.21101,23.20159,-23.20159,0.967110957,0.003288904,-0.003288904,0.96,0.01,-0.01,0.03493,0.00021,-0.0003,,,,0.314,23.20159,0.01,0.003288904,0.000255,,660.7702936,19.06236943
315,HATS-58 A b,12.274,0.695,-0.695,327.3649,73.1009,-73.1009,1.241994115,0.009347412,-0.009347412,1.43,0.06,-0.06,0.05798,0.00057,-0.00057,,,,0.695,73.1009,0.06,0.009347412,0.00057,,1447.417451,132.1420332
316,HATS-59 b,12.621,0.863,-0.863,256.17098,21.93027,-21.93027,0.981478276,0.01575212,-0.01575212,1.04,0.07,-0.07,0.06112,0.00076,-0.00076,269,39,-39,0.863,21.93027,0.07,0.01575212,0.00076,39,268.6722132,40.62293422
318,HATS-6 b,11.187,0.213,-0.213,101.38777,22.2481,-22.2481,0.644625238,0.003115804,-0.003115804,0.57,0.01,-0.01,0.03623,0.00042,-0.00057,,,,0.213,22.2481,0.01,0.003115804,0.000495,,42.74076216,2.072654702
319,HATS-60 b,12.924,0.594,-0.594,210.40346,17.48065,-17.48065,0.98459408,0.003462005,-0.003462005,1.46,0.02,-0.02,0.04708,0.00015,-0.00023,903.9,27.5,-26.7,0.594,17.48065,0.02,0.003462005,0.00019,27.1,903.7778305,28.77326252
320,HATS-61 b,13.395,0.751,-0.751,1080.622,44.4962,-44.4962,0.959321447,0.003635105,-0.003635105,1.66,0.02,-0.02,0.07908,0.00033,-0.00033,374.2,8.7,-8.5,0.751,44.4962,0.02,0.003635105,0.00033,8.6,373.1981399,11.07100502
322,HATS-63 b,13.529,0.437,-0.437,305.1168,38.1396,-38.1396,0.974034966,0.003115804,-0.003115804,1.07,0.01,-0.01,0.04026,0.00028,-0.00028,634.1,16.3,-15.9,0.437,38.1396,0.01,0.003115804,0.00028,16.1,635.7966052,16.90042187
323,HATS-64 b,18.82,0.908,-0.908,305.1168,63.566,-63.566,1.134498875,0.004673706,-0.004673706,2.11,0.07,-0.07,0.06562,0.00039,-0.00039,1711,106,-99,0.908,63.566,0.07,0.004673706,0.00039,102.5,1712.808212,118.8551803
324,HATS-65 b,16.825,0.56,-0.56,260.93843,26.37989,-26.37989,1.086550113,0.005193007,-0.005193007,1.31,0.03,-0.03,0.04497,0.00033,-0.00033,1178,53,-50,0.56,26.37989,0.03,0.005193007,0.00033,51.5,1182.757908,61.2144755
325,HATS-66 b,15.816,0.942,-0.942,1694.0339,216.1244,-216.1244,1.146962091,0.006058508,-0.006058508,1.84,0.04,-0.04,0.04714,0.00025,-0.00025,2637,118,-113,0.942,216.1244,0.04,0.006058508,0.00025,115.5,2636.651591,130.4887146
326,HATS-67 b,18.887,0.527,-0.527,460.8535,38.1396,-38.1396,1.141422884,0.005712307,-0.005712307,1.44,0.03,-0.03,0.03032,0.00015,-0.00015,3821,153,-147,0.527,38.1396,0.03,0.005712307,0.00015,150,3828.713692,180.9949107
327,HATS-68 b,13.809,0.437,-0.325,410.0007,18.75197,-18.75197,1.064047083,0.003808205,-0.003808205,1.75,0.03,-0.03,0.05071,0.00018,-0.00018,1521,43,-41,0.381,18.75197,0.03,0.003808205,0.00018,42,1526.624608,57.74707504
329,HATS-7 b,6.311,0.516,-0.381,38.1396,3.81396,-3.81396,0.862904622,0.008655011,-0.008655011,0.81,0.05,-0.04,0.04012,0.00043,-0.00043,,,,0.4485,3.81396,0.045,0.008655011,0.00043,,225.9952803,27.13337709
331,HATS-8 b,9.785,1.379,-0.841,43.86054,6.03877,-6.03877,0.983036178,0.008655011,-0.008655011,1.09,0.15,-0.06,0.04667,0.00055,-0.00055,,,,1.11,6.03877,0.105,0.008655011,0.00055,,509.3958455,100.4865014
360,HD 106315 b,2.44,0.17,-0.17,12.6,3.2,-3.2,1.095205124,0.008308811,-0.008308811,1.3,0.06,-0.06,0.0907,0.001,-0.001,,,,0.17,3.2,0.06,0.008308811,0.001,,295.565676,29.44972273
361,HD 106315 c,4.35,0.23,-0.23,15.2,3.7,-3.7,1.095205124,0.008308811,-0.008308811,1.3,0.06,-0.06,0.1536,0.0017,-0.0017,,,,0.23,3.7,0.06,0.008308811,0.0017,,103.0590514,10.27058538
398,HD 119130 b,2.63,0.11,-0.1,24.5,4.4,-4.4,0.990998788,0.011251515,-0.011251515,1.09,0.03,-0.03,0.13,0.01,-0.01,67,12,-9,0.105,4.4,0.03,0.011251515,0.01,10.5,67.80454175,11.49905765
442,HD 1397 b,11.5,0.28,-0.303,131.89945,6.3566,-6.3566,0.955686342,0.010386014,-0.010386014,2.34,0.05,-0.06,0.1097,0.0011,-0.0013,356,12,-12,0.2915,6.3566,0.055,0.010386014,0.0012,12,379.5595981,25.68168286
479,HD 15337 b,1.64,0.06,-0.06,7.51,1.09,-1.01,0.887138653,0.008655011,-0.008655011,0.86,0.02,-0.02,0.0522,0.0012,-0.0012,,,,0.06,1.05,0.02,0.008655011,0.0012,,168.120977,12.80384477
480,HD 15337 c,2.39,0.12,-0.12,8.11,1.82,-1.69,0.887138653,0.008655011,-0.008655011,0.86,0.02,-0.02,0.1268,0.0038,-0.0038,,,,0.12,1.755,0.02,0.008655011,0.0038,,28.49209634,2.430806262
587,HD 202772 A b,17.318,0.583,-0.673,323.23311,22.2481,-21.61244,1.085684611,0.013328717,-0.012290116,2.59,0.08,-0.09,0.05208,0.00064,-0.00068,3440,184,-191,0.628,21.93027,0.085,0.012809417,0.00066,187.5,3436.151515,291.1190429
642,HD 219134 b,1.602,0.055,-0.055,4.74,0.19,-0.19,0.813397957,0.002769604,-0.002769604,0.78,0.01,-0.01,0.03876,0.00047,-0.00047,176.2,5.5,-5.5,0.055,0.19,0.01,0.002769604,0.00047,5.5,177.2694832,6.706117638
643,HD 219134 c,1.511,0.047,-0.047,4.36,0.22,-0.22,0.813397957,0.002769604,-0.002769604,0.78,0.01,-0.01,0.0653,0.0008,-0.0008,62.1,1.9,-1.9,0.047,0.22,0.01,0.002769604,0.0008,1.9,62.45614185,2.372780224
649,HD 219666 b,4.71,0.17,-0.17,16.6,1.3,-1.3,0.956724944,0.011251515,-0.011251515,1.03,0.03,-0.03,0.06356,0.00265,-0.00265,,,,0.17,1.3,0.03,0.011251515,0.00265,,220.0164031,24.65702105
657,HD 221416 b,9.17,0.34,-0.31,60.5,5.7,-5.7,0.879349143,0.01557902,-0.01557902,2.94,0.06,-0.06,0.1228,0.0025,-0.0026,,,,0.325,5.7,0.06,0.01557902,0.00255,,342.7230438,31.43501254
682,HD 2685 b,16.141,0.56,-0.56,371.8611,38.1396,-38.1396,1.17725463,0.013155617,-0.013155617,1.56,0.05,-0.05,0.0568,0.0006,-0.0006,,,,0.56,38.1396,0.05,0.013155617,0.0006,,1448.885795,117.2927144
852,HD 89345 b,7.398,0.314,-0.336,34.9613,5.40311,-5.72094,0.965206855,0.012636316,-0.013155617,1.75,0.05,-0.05,0.1066,0.0012,-0.0014,,,,0.325,5.562025,0.05,0.012895967,0.0013,,233.9070319,19.16950469
1030,K2-18 b,2.37,0.22,-0.22,8.92,1.7,-1.6,0.598407478,0.006750909,-0.006750909,0.41,0.04,-0.04,0.1429,0.006,-0.0065,,,,0.22,1.65,0.04,0.006750909,0.00625,,1.055580366,0.23068857
1108,K2-232 b,11.209,0.247,-0.224,126.49634,11.75971,-11.75971,1.065258785,0.010386014,-0.010386014,1.16,0.02,-0.02,0.10356,0.00081,-0.00077,,,,0.2355,11.75971,0.02,0.010386014,0.00079,,161.5669001,8.764548278
1112,K2-237 b,18.405,0.56,-0.56,392.83788,13.98452,-13.98452,1.055738272,0.019041025,-0.019041025,1.38,0.04,-0.04,0.0353,0.0012,-0.0012,,,,0.56,13.98452,0.04,0.019041025,0.0012,,1898.601525,218.0311064
1145,K2-260 b,17.396,0.538,-0.639,451.3186,98.5273,-101.7056,1.102129133,0.043275056,-0.043275056,1.69,0.03,-0.03,0.0404,0.0013,-0.0016,,,,0.5885,100.11645,0.03,0.043275056,0.00145,,2581.907079,455.1846856
1147,K2-263 b,2.41,0.12,-0.12,14.8,3.1,-3.1,0.929202008,0.00761641,-0.00761641,0.85,0.02,-0.02,0.2573,0.0029,-0.0029,,,,0.12,3.1,0.02,0.00761641,0.0029,,8.135773278,0.501367288
1150,K2-265 b,1.71,0.11,-0.11,6.54,0.84,-0.84,0.948069932,0.004673706,-0.004673706,0.98,0.05,-0.05,0.03376,0.00021,-0.00021,,,,0.11,0.84,0.05,0.004673706,0.00021,,680.7831045,71.25797012
1158,K2-27 b,4.48,0.23,-0.23,30.9,4.6,-4.6,0.908429981,0.010386014,-0.010386014,0.89,0.04,-0.04,0.06702,0.00071,-0.00071,116,16,-12,0.23,4.6,0.04,0.010386014,0.00071,14,120.0983392,12.37659612
1177,K2-285 b,2.59,0.06,-0.06,9.68,1.21,-1.37,0.86117362,0.016444521,-0.016444521,0.79,0.02,-0.02,0.03817,0.00095,-0.00092,234.31,19.58,-18.28,0.06,1.29,0.02,0.016444521,0.000935,18.93,235.5986149,24.48190518
1178,K2-285 c,3.53,0.08,-0.08,15.68,2.28,-2.13,0.86117362,0.016444521,-0.016444521,0.79,0.02,-0.02,0.0824,0.0018,-0.0018,50.35,4.05,-3.83,0.08,2.205,0.02,0.016444521,0.0018,3.94,50.55482709,5.132409243
1182,K2-287 b,9.494,0.146,-0.146,100.11645,8.58141,-8.58141,0.985805782,0.010039813,-0.010039813,1.07,0.01,-0.01,0.1206,0.0008,-0.0008,,,,0.146,8.58141,0.01,0.010039813,0.0008,,74.34270914,3.4750201
1185,K2-29 b,13.339,0.224,-0.224,232.0159,12.7132,-12.7132,0.927471006,0.006577809,-0.006577809,0.86,0.01,-0.01,0.04217,0.00024,-0.00024,,,,0.224,12.7132,0.01,0.006577809,0.00024,,307.7450438,11.8199045
1187,K2-290 c,11.276,0.56,-0.56,246.00042,14.93801,-14.93801,1.090877618,0.020772027,-0.020772027,1.51,0.07,-0.07,0.305,0.017,-0.017,,,,0.56,14.93801,0.07,0.020772027,0.017,,34.71029791,5.684884117
1188,K2-291 b,1.589,0.095,-0.072,6.49,1.16,-1.16,0.955513242,0.010386014,-0.010386014,0.9,0.04,-0.03,0.03261,0.00044,-0.00044,633,59,-56,0.0835,1.16,0.035,0.010386014,0.00044,57.5,634.9364537,59.11379029
1191,K2-295 b,10.054,0.123,-0.056,106.47305,19.70546,-19.70546,0.7692574,0.012117016,-0.012117016,0.7,0.02,-0.02,0.0451,0.0006,-0.0014,,,,0.0895,19.70546,0.02,0.012117016,0.001,,84.35867061,8.092128821
1195,K2-30 b,11.646,0.56,-0.572,184.02357,8.89924,-8.58141,0.939068721,0.006924009,-0.006924009,0.84,0.03,-0.03,0.04839,0.00076,-0.00076,,,,0.566,8.740325,0.03,0.006924009,0.00076,,234.3348212,19.54774129
1196,K2-31 b,11.882,3.923,-3.923,563.83042,25.10857,-25.10857,0.913969188,0.012117016,-0.012117016,0.78,0.07,-0.07,0.022,0.0018,-0.0018,,,,3.923,25.10857,0.07,0.012117016,0.0018,,877.142317,218.0624493
1205,K2-36 b,1.43,0.08,-0.08,3.9,1.1,-1.1,0.850960706,0.006058508,-0.006404708,0.72,0.01,-0.01,0.0223,0.0004,-0.0004,529,23,-23,0.08,1.1,0.01,0.006231608,0.0004,23,546.6297868,29.52108515
1206,K2-36 c,3.2,0.3,-0.3,7.8,2.3,-2.3,0.850960706,0.006058508,-0.006404708,0.72,0.01,-0.01,0.054,0.001,-0.001,90,4,-4,0.3,2.3,0.01,0.006231608,0.001,4,93.22137403,5.107114584
1237,K2-60 b,7.656,0.415,-0.415,135.39558,11.75971,-11.75971,0.952051238,0.017310023,-0.017310023,1.12,0.05,-0.05,0.045,0.003,-0.003,,,,0.415,11.75971,0.05,0.017310023,0.003,,508.923266,89.66149489
1245,K2-66 b,2.49,0.34,-0.24,21.3,3.6,-3.6,1.019041025,0.00796261,-0.00796261,1.67,0.12,-0.12,0.05983,0.00072,-0.00072,840,125,-125,0.29,3.6,0.12,0.00796261,0.00072,125,840.1592431,125.2076227
1285,KELT-10 b,15.681,0.773,-0.549,215.80657,12.39537,-12.07754,1.029600138,0.012809417,-0.012809417,1.21,0.05,-0.04,0.0525,0.00086,-0.00097,600,50,-40,0.661,12.236455,0.045,0.012809417,0.000915,45,596.9342571,57.33039231
1287,KELT-12 b,19.952,1.906,-1.793,301.9385,44.4962,-44.4962,1.086896313,0.008828111,-0.008828111,2.37,0.17,-0.17,0.06708,0.00097,-0.0013,1749,235,-213,1.8495,44.4962,0.17,0.008828111,0.001135,224,1742.059749,262.9382673
1288,KELT-14 b,19.537,0.527,-0.527,408.09372,10.17056,-10.17056,0.990133287,0.022503029,-0.022503029,1.52,0.03,-0.03,0.03005,0.00031,-0.00031,,,,0.527,10.17056,0.03,0.022503029,0.00031,,2459.081192,248.9426589
1290,KELT-16 b,15.861,0.942,-0.751,874.0325,50.8528,-47.6745,1.079453003,0.009347412,-0.009347412,1.36,0.06,-0.05,0.02044,0.00024,-0.00026,,,,0.8465,49.26365,0.055,0.009347412,0.00025,,6010.782173,548.9295318
1291,KELT-17 b,17.094,0.729,-0.673,416.3573,88.9924,-92.1707,1.290289077,0.008481911,-0.008481911,1.65,0.06,-0.06,0.04881,0.00065,-0.00061,,,,0.701,90.58155,0.06,0.008481911,0.00063,,3167.366774,258.233548
1292,KELT-18 b,17.598,0.471,-0.404,375.0394,34.9613,-34.9613,1.154578501,0.020772027,-0.020772027,1.91,0.04,-0.04,0.0455,0.00067,-0.00069,3152,242,-220,0.4375,34.9613,0.04,0.020772027,0.00068,231,3131.39466,277.0280353
1297,KELT-23 A b,14.83,0.28,-0.28,298.12454,15.25584,-13.98452,1.021118227,0.008481911,-0.008481911,1,0.01,-0.01,0.03302,0.00068,-0.00064,991.18,51.43,-49.23,0.28,14.62018,0.01,0.008481911,0.00066,50.33,997.1258532,55.53576995
1299,KELT-4 A b,19.044,0.516,-0.504,286.68266,19.0698,-18.75197,1.074259997,0.012982517,-0.012982517,1.6,0.04,-0.04,0.04317,0.00079,-0.00074,,,,0.51,18.910885,0.04,0.012982517,0.000765,,1829.420253,142.7987651
1304,KELT-9 b,21.196,0.684,-0.594,915.3504,266.9772,-266.9772,1.760429289,0.077895101,-0.077895101,2.36,0.07,-0.06,0.03462,0.0011,-0.00093,44900,8100,-7200,0.639,266.9772,0.065,0.077895101,0.001015,7650,44631.78131,8677.232191
1324,KOI-1257 b,10.54,1.35,-1.35,460.83,111.24,-111.24,0.955513242,0.013848018,-0.013848018,1.13,0.14,-0.14,0.382,0.006,-0.006,,,,1.35,111.24,0.14,0.013848018,0.006,,7.294188828,1.870303888
1325,KOI-13 b,16.948,0.392,-0.392,2949.4624,50.8528,-50.8528,1.324216721,0.043275056,-0.043275056,1.74,0.04,-0.04,0.03641,0.00087,-0.00087,,,,0.392,50.8528,0.04,0.043275056,0.00087,,7022.526863,1029.348316
1338,KOI-3680 b,11.097,0.673,-0.785,613.4119,60.3877,-66.7443,1.009174312,0.017310023,-0.017310023,0.96,0.05,-0.06,0.534,0.012,-0.03,,,,0.729,63.566,0.055,0.017310023,0.021,,3.352159702,0.519561473
1343,KOI-94 d,11.27,1.06,-1.06,106,11,-11,1.070105591,0.010039813,-0.010039813,1.52,0.14,-0.14,0.1684,0.0022,-0.0022,,,,1.06,11,0.14,0.010039813,0.0022,,106.8340111,20.27724677
1345,KPS-1 b,11.545,1.457,-1.345,346.4347,27.33338,-27.65121,0.894062662,0.01557902,-0.01557902,0.91,0.09,-0.08,0.0269,0.001,-0.001,729,130,-110,1.401,27.492295,0.085,0.01557902,0.001,120,731.2233613,155.6064666
1347,Kepler-10 b,1.481,0.049,-0.029,4.60853,1.27132,-1.46202,0.974034966,0.00761641,-0.00761641,1.06,0.01,-0.01,0.0172,0.00081,-0.00168,,,,0.039,1.36667,0.01,0.00761641,0.001245,,3418.637303,510.4188015
1362,Kepler-101 b,5.77,0.85,-0.79,51.1,5.1,-4.7,0.980958975,0.008655011,-0.008655011,1.56,0.2,-0.2,0.0474,0.001,-0.0008,,,,0.82,4.9,0.2,0.008655011,0.0009,,1002.988362,262.3803453
1445,Kepler-107 c,1.597,0.026,-0.026,9.39,1.77,-1.77,1.013328717,0.010559114,-0.010559114,1.45,0.01,-0.01,0.06064,0.00047,-0.00047,,,,0.026,1.77,0.01,0.010559114,0.00047,,602.8635429,28.06935626
1487,Kepler-11 d,3.12,0.06,-0.07,7.3,0.8,-1.5,0.980266574,0.009520512,-0.011424615,1.06,0.02,-0.02,0.155,0.001,-0.001,,,,0.065,1.15,0.02,0.010472564,0.001,,43.18422306,2.524206467
1488,Kepler-11 e,4.19,0.07,-0.09,8,1.5,-2.1,0.980266574,0.009520512,-0.011424615,1.06,0.02,-0.02,0.195,0.002,-0.002,,,,0.08,1.8,0.02,0.010472564,0.002,,27.28470635,1.653130123
1580,Kepler-117 c,12.341,0.392,-0.392,584.78,57.21,-57.21,1.064566384,0.019041025,-0.019041025,1.61,0.05,-0.05,0.2804,0.0092,-0.0028,,,,0.392,57.21,0.05,0.019041025,0.006,,42.34349743,4.402098963
1615,Kepler-12 b,19.661,0.347,-0.404,137.30256,16.84499,-16.20933,1.029427038,0.017310023,-0.017310023,1.48,0.03,-0.03,0.0553,0.001,-0.0012,,,,0.3755,16.52716,0.03,0.017310023,0.0011,,804.3692357,70.81299816
2006,Kepler-15 b,10.76,0.67,-0.78,209.76,25.43,-28.6,0.954647741,0.021118227,-0.022503029,0.99,0.06,-0.07,0.05714,0.00086,-0.00093,,,,0.725,27.015,0.065,0.021810628,0.000895,,249.3230977,40.64509385
2138,Kepler-16 b,8.449,0.029,-0.029,105.833,5.085,-5.085,0.770296001,0.025965034,-0.025965034,0.65,0,0,0.7048,0.0011,-0.0011,,,,0.029,5.085,0,0.025965034,0.0011,,0.299450813,0.040386209
2209,Kepler-1656 b,5.02,0.53,-0.53,48.6,4.2,-3.8,0.99203739,0.010386014,-0.010386014,1.1,0.13,-0.13,0.197,0.021,-0.021,,,,0.53,4,0.13,0.010386014,0.021,,30.19708919,9.694858536
2210,Kepler-1658 b,11.994,0.56,-0.56,1868.8404,149.3801,-146.2018,1.075990999,0.013501818,-0.013501818,2.89,0.13,-0.11,0.0544,0.0007,-0.0007,,,,0.56,147.79095,0.12,0.013501818,0.0007,,3782.96601,379.7712927
2225,Kepler-17 b,14.68,0.22,-0.22,778.65,34.96,-34.96,1.000692401,0.014713519,-0.014713519,1.05,0.03,-0.03,0.02591,0.00037,-0.00036,,,,0.22,34.96,0.03,0.014713519,0.000365,,1646.820177,142.7909561
2254,Kepler-18 c,5.49,0.26,-0.26,17.3,1.9,-1.9,0.925220703,0.017310023,-0.017310023,1.11,0.05,-0.05,0.0752,0.0011,-0.0011,,,,0.26,1.9,0.05,0.017310023,0.0011,,159.6583528,19.2734609
2255,Kepler-18 d,6.98,0.33,-0.33,16.4,1.4,-1.4,0.925220703,0.017310023,-0.017310023,1.11,0.05,-0.05,0.1172,0.0017,-0.0017,,,,0.33,1.4,0.05,0.017310023,0.0017,,65.73128193,7.93098771
2309,Kepler-20 b,1.868,0.066,-0.034,9.7,1.41,-1.44,0.951185737,0.008655011,-0.008655011,0.96,0.02,-0.02,0.0463,0.0009,-0.0015,,,,0.05,1.425,0.02,0.008655011,0.0012,,351.9182594,26.68039062
2310,Kepler-20 c,3.047,0.064,-0.056,12.75,2.17,-2.24,0.951185737,0.008655011,-0.008655011,0.96,0.02,-0.02,0.0949,0.0027,-0.0023,,,,0.06,2.205,0.02,0.008655011,0.0025,,83.76669063,6.399663727
2568,Kepler-289 c,11.59,0.19,-0.19,132,17,-17,1.036870348,0.006577809,-0.006577809,1,0.02,-0.02,0.51,0.03,-0.03,,,,0.19,17,0.02,0.006577809,0.03,,4.443830314,0.563591797
2569,Kepler-289 d,2.68,0.17,-0.17,4,0.9,-0.9,1.036870348,0.006577809,-0.006577809,1,0.02,-0.02,0.33,0.02,-0.02,,,,0.17,0.9,0.02,0.006577809,0.02,,10.61377653,1.381272031
2716,Kepler-34 b,8.564,0.135,-0.157,69.92,3.496,-3.178,1.023541631,0.022503029,-0.022503029,1.16,0,0,1.0896,0.0009,-0.0009,,,,0.146,3.337,0,0.022503029,0.0009,,1.243952609,0.10941476
2741,Kepler-35 b,8.16,0.157,-0.157,40.363,6.356,-6.356,0.970399862,0.025965034,-0.025965034,1.03,0,0,0.60347,0.00101,-0.00103,,,,0.157,6.356,0,0.025965034,0.00102,,2.583247292,0.276618139
2767,Kepler-36 b,1.486,0.035,-0.035,4.45,0.33,-0.27,1.02319543,0.011424615,-0.011424615,1.63,0.02,-0.02,0.1153,0.0015,-0.0015,,,,0.035,0.3,0.02,0.011424615,0.0015,,219.0538858,12.53389597
2768,Kepler-36 c,3.679,0.054,-0.054,8.08,0.6,-0.46,1.02319543,0.011424615,-0.011424615,1.63,0.02,-0.02,0.1283,0.0016,-0.0016,,,,0.054,0.53,0.02,0.011424615,0.0016,,176.9115808,10.03733465
2860,Kepler-4 b,4.002,0.213,-0.213,24.472,3.814,-3.814,1.013848018,0.020772027,-0.020772027,1.49,0.07,-0.08,0.0456,0.0009,-0.0009,,,,0.213,3.814,0.075,0.020772027,0.0009,,1128.065397,153.0564034
2861,Kepler-40 b,13.11,0.45,-0.45,699.2,127.1,-127.1,1.126882465,0.017310023,-0.017310023,2.13,0.06,-0.06,0.08,0.003,-0.003,,,,0.45,127.1,0.06,0.017310023,0.003,,1143.124985,128.1846873
2884,Kepler-41 b,14.46,0.22,-0.22,177.98,25.43,-25.43,0.995326294,0.017310023,-0.017310023,1.29,0.02,-0.02,0.03101,0.0004,-0.0004,,,,0.22,25.43,0.02,0.017310023,0.0004,,1698.391457,136.5737352
2890,Kepler-412 b,15.031,0.493,-0.516,299.07803,39.72875,-6.03877,0.995326294,0.01557902,-0.01557902,1.29,0.04,-0.04,0.02897,0.00093,-0.00092,,,,0.5045,22.88376,0.04,0.01557902,0.000925,,1946.006734,211.7820845
2901,Kepler-419 b,10.8,1.4,-1.3,794.5,95.3,-95.3,1.113034447,0.013674918,-0.013674918,1.74,0.07,-0.07,0.37,0.007,-0.006,,,,1.35,95.3,0.07,0.013674918,0.0065,,33.94137796,3.415023417
2907,Kepler-422 b,12.89,1.23,-1.23,136.66,41.32,-41.32,1.033754544,0.014540419,-0.014540419,1.24,0.12,-0.12,0.082,0.011,-0.01,,,,1.23,41.32,0.12,0.014540419,0.0105,,261.1472107,85.10851879
2908,Kepler-423 b,13.361,0.583,-0.583,189.101,25.743,-25.743,0.962437251,0.013848018,-0.013848018,0.95,0.04,-0.04,0.03585,0.00052,-0.00114,,,,0.583,25.743,0.04,0.013848018,0.00083,,602.5021302,67.49082253
2909,Kepler-424 b,9.98,0.9,-0.67,327.35,41.32,-41.32,0.945127229,0.014021118,-0.014021118,0.94,0.06,-0.06,0.044,0.005,-0.004,,,,0.785,41.32,0.06,0.014021118,0.0045,,364.1761119,90.42803333
2911,Kepler-425 b,10.962,0.247,-0.247,79.45,25.43,-25.43,0.894928163,0.012117016,-0.012117016,0.86,0.02,-0.02,0.0464,0.0008,-0.0008,,,,0.247,25.43,0.02,0.012117016,0.0008,,220.3502987,17.46968926
2912,Kepler-426 b,12.22,0.34,-0.34,108.06,25.43,-25.43,0.990998788,0.01557902,-0.01557902,0.92,0.02,-0.02,0.0414,0.001,-0.001,,,,0.34,25.43,0.02,0.01557902,0.001,,476.2856165,43.07237544
2914,Kepler-428 b,12.11,0.34,-0.34,403.63,60.39,-60.39,0.891466159,0.017310023,-0.017310023,0.8,0.02,-0.02,0.0433,0.0009,-0.0009,,,,0.34,60.39,0.02,0.017310023,0.0009,,215.5875253,21.837979
2915,Kepler-43 b,13.664,0.729,-0.717,1026.5909,82.6358,-82.6358,1.045698459,0.024753332,-0.024753332,1.42,0.07,-0.07,0.046,0.0026,-0.0025,,,,0.723,82.6358,0.07,0.024753332,0.00255,,1139.428028,200.5453259
2921,Kepler-432 b,12.834,0.404,-0.437,1719.4603,101.7056,-57.2094,0.864635624,0.013501818,-0.013501818,4.06,0.12,-0.08,0.301,0.016,-0.011,,,,0.4205,79.4575,0.1,0.013501818,0.0135,,101.6837551,12.19123446
2923,Kepler-433 b,16.25,1.79,-1.79,896.24,165.26,-165.26,1.100917431,0.024234032,-0.024234032,2.26,0.25,-0.25,0.0679,0.0027,-0.0027,,,,1.79,165.26,0.25,0.024234032,0.0027,,1627.407534,408.5549574
2924,Kepler-434 b,12.67,2.91,-2.02,908.96,111.24,-111.24,1.034620045,0.016444521,-0.016444521,1.38,0.13,-0.13,0.1143,0.003,-0.003,,,,2.465,111.24,0.13,0.016444521,0.003,,167.027994,34.35029118
2925,Kepler-435 b,22.31,2.02,-2.02,266.97,47.67,-47.67,1.066470486,0.016271421,-0.016271421,3.21,0.3,-0.3,0.0948,0.0018,-0.0018,,,,2.02,47.67,0.3,0.016271421,0.0018,,1483.162564,297.0185185
2931,Kepler-44 b,12.22,0.78,-0.78,317.82,31.78,-31.78,1.003981305,0.017310023,-0.017310023,1.35,0.08,-0.08,0.0446,0.0011,-0.0011,,,,0.78,31.78,0.08,0.017310023,0.0011,,930.8941984,135.6554963
3014,Kepler-5 b,15.984,0.404,-0.572,670.93913,21.29461,-27.33338,1.090012117,0.010386014,-0.010386014,1.79,0.04,-0.06,0.0538,0.0015,-0.0021,,,,0.488,24.313995,0.05,0.010386014,0.0018,,1562.668341,148.6686686
3067,Kepler-539 b,8.373,0.191,-0.191,308.2951,92.1707,-92.1707,1.00744331,0.013848018,-0.013848018,0.95,0.02,-0.02,0.4988,0.0067,-0.0067,,,,0.191,92.1707,0.02,0.013848018,0.0067,,3.736601548,0.277558411
3099,Kepler-56 b,6.51,0.29,-0.28,22.1,3.9,-3.6,0.837805089,0.016790722,-0.016790722,4.23,0.15,-0.15,0.1028,0.0037,-0.0037,,,,0.285,3.75,0.15,0.016790722,0.0037,,834.192886,107.6017015
3100,Kepler-56 c,9.8,0.46,-0.46,181,21,-19,0.837805089,0.016790722,-0.016790722,4.23,0.15,-0.15,0.1652,0.0059,-0.0059,,,,0.46,20,0.15,0.016790722,0.0059,,323.0223893,41.56639566
3150,Kepler-6 b,14.617,0.202,-0.37,212.31044,12.07754,-11.12405,0.977496971,0.00761641,-0.00761641,1.39,0.02,-0.03,0.04852,0.00074,-0.00133,,,,0.286,11.600795,0.025,0.00761641,0.001035,,749.2895865,47.89259752
3280,Kepler-7 b,18.181,0.146,-0.146,140.16303,13.66669,-13.34886,1.027003635,0.00761641,-0.00761641,1.97,0.01,-0.01,0.06067,0.00059,-0.00059,,,,0.146,13.507775,0.01,0.00761641,0.00059,,1172.930787,43.27683798
3325,Kepler-74 b,10.76,0.22,-0.22,200.22,38.14,-38.14,1.03860135,0.017310023,-0.017310023,1.12,0.04,-0.04,0.0781,0.0007,-0.0007,,,,0.22,38.14,0.04,0.017310023,0.0007,,239.2927325,23.77059532
3336,Kepler-75 b,11.77,0.34,-0.34,3209.9,127.1,-127.1,0.90012117,0.017310023,-0.017310023,0.89,0.02,-0.02,0.0818,0.0012,-0.0012,,,,0.34,127.1,0.02,0.017310023,0.0012,,77.71007182,7.28899502
3352,Kepler-76 b,15.244,1.345,-1.345,638.8383,117.5971,-111.2405,1.109399342,0.016444521,-0.016444521,1.32,0.08,-0.08,0.0274,0.002,-0.0019,,,,1.345,114.4188,0.08,0.016444521,0.00195,,3515.591072,689.5161767
3365,Kepler-77 b,10.761,0.179,-0.179,136.661,10.17,-10.17,0.955513242,0.010386014,-0.010386014,0.99,0.02,-0.02,0.04501,0.00063,-0.00063,,,,0.179,10.17,0.02,0.010386014,0.00063,,403.2730539,26.46435385
3391,Kepler-79 d,7.16,0.13,-0.16,6,2.1,-1.6,1.068720789,0.014367319,-0.020252726,1.3,0.03,-0.03,0.287,0.004,-0.004,,,,0.145,1.85,0.03,0.017310023,0.004,,26.76578232,2.256060223
3392,Kepler-79 e,3.49,0.14,-0.14,4.1,1.2,-1.1,1.068720789,0.014367319,-0.020252726,1.3,0.03,-0.03,0.386,0.005,-0.005,,,,0.14,1.15,0.03,0.017310023,0.005,,14.79684504,1.237886588
3403,Kepler-8 b,15.872,0.594,-0.695,187.5197,41.3179,-38.1396,1.075471698,0.025965034,-0.025965034,1.49,0.05,-0.06,0.0474,0.0018,-0.0021,,,,0.6445,39.72875,0.055,0.025965034,0.00195,,1321.940164,194.0419383
3404,Kepler-80 b,2.67,0.1,-0.1,6.93,1.05,-0.7,0.785875022,0.017310023,-0.017310023,0.68,0.02,-0.02,0.0648,0.0009,-0.0009,,,,0.1,0.875,0.02,0.017310023,0.0009,,42.00313972,4.600145751
3405,Kepler-80 c,2.74,0.12,-0.1,6.74,1.23,-0.86,0.785875022,0.017310023,-0.017310023,0.68,0.02,-0.02,0.0792,0.0011,-0.0011,,,,0.11,1.045,0.02,0.017310023,0.0011,,28.11780427,3.079436412
3406,Kepler-80 d,1.53,0.09,-0.07,6.75,0.69,-0.51,0.785875022,0.017310023,-0.017310023,0.68,0.02,-0.02,0.0372,0.0005,-0.0005,,,,0.08,0.6,0.02,0.017310023,0.0005,,127.4517746,13.9298747
3407,Kepler-80 e,1.6,0.08,-0.07,4.13,0.81,-0.95,0.785875022,0.017310023,-0.017310023,0.68,0.02,-0.02,0.0491,0.0007,-0.0007,,,,0.075,0.88,0.02,0.017310023,0.0007,,73.15917214,8.026141861
3502,Kepler-87 b,13.49,0.55,-0.55,324.2,8.8,-8.8,0.96936126,0.008655011,-0.008655011,1.82,0.04,-0.04,0.481,0.026,-0.028,,,,0.55,8.8,0.04,0.008655011,0.027,,12.64140255,1.589568982
3503,Kepler-87 c,6.14,0.29,-0.29,6.4,0.8,-0.8,0.96936126,0.008655011,-0.008655011,1.82,0.04,-0.04,0.676,0.037,-0.04,,,,0.29,0.8,0.04,0.008655011,0.0385,,6.400177548,0.814158613
3535,Kepler-9 b,8.29,0.54,-0.43,43.4,1.6,-2,0.999480699,0.010386014,-0.010386014,0.96,0.02,-0.02,0.143,0.007,-0.006,,,,0.485,1.8,0.02,0.010386014,0.0065,,44.97467557,4.870629928
3536,Kepler-9 c,8.08,0.54,-0.41,29.9,1.1,-1.3,0.999480699,0.010386014,-0.010386014,0.96,0.02,-0.02,0.227,0.012,-0.008,,,,0.475,1.2,0.02,0.010386014,0.01,,17.84795243,1.891077319
3550,Kepler-91 b,15.323,0.773,-0.673,257.4423,57.2094,-54.0311,0.787606024,0.012982517,-0.012982517,6.3,0.16,-0.16,0.0731,0.0034,-0.0031,,,,0.723,55.62025,0.16,0.012982517,0.00325,,2858.133179,348.10532
3664,LHS 1140 b,1.727,0.032,-0.032,6.98,0.89,-0.89,0.556690324,0.006750909,-0.006750909,0.21,0,0,0.0936,0.0024,-0.0024,0.5,0.03,-0.03,0.032,0.89,0,0.006750909,0.0024,0.03,0.483438888,0.034125522
3665,LHS 1140 c,1.282,0.024,-0.024,1.81,0.39,-0.39,0.556690324,0.006750909,-0.006750909,0.21,0,0,0.02675,0.0007,-0.0007,6.16,0.37,-0.37,0.024,0.39,0,0.006750909,0.0007,0.37,5.918964114,0.422370154
3672,MASCARA-1 b,16.814,3.363,-3.363,1175.971,286.047,-286.047,1.3075991,0.025965034,-0.025965034,2.1,0.2,-0.2,0.043,0.005,-0.005,,,,3.363,286.047,0.2,0.025965034,0.005,,6972.686353,2167.970592
3704,NGTS-2 b,17.878,0.527,-0.504,235.1942,41.3179,-38.1396,1.121343258,0.016271421,-0.01540592,1.7,0.05,-0.04,0.063,0.0024,-0.003,,,,0.5155,39.72875,0.045,0.015838671,0.0027,,1151.253725,132.9777035
3707,NGTS-5 b,12.733,0.258,-0.258,72.78307,11.75971,-11.75971,0.863250822,0.007097109,-0.007097109,0.74,0.01,-0.01,0.0382,0.0013,-0.0013,,,,0.258,11.75971,0.01,0.007097109,0.0013,,208.3937628,16.72931458
3761,OGLE-TR-132 b,13.45,1.68,-1.23,375.02,44.49,-41.32,1.074952397,0.012982517,-0.012982517,1.32,0.17,-0.12,0.03035,0.00057,-0.00053,,,,1.455,42.905,0.145,0.012982517,0.00055,,2525.732788,575.4800537
3781,Qatar-1 b,12.812,0.291,-0.28,411.27202,16.52716,-15.57367,0.867751428,0.016098321,-0.01523282,0.8,0.02,-0.02,0.02332,0.0004,-0.0004,,,,0.2855,16.050415,0.02,0.01566557,0.0004,,667.2740415,62.92031049
3782,Qatar-10 b,17.295,0.448,-0.448,233.92288,28.6047,-28.6047,1.060065778,0.00796261,-0.00796261,1.25,0.03,-0.03,0.0286,0.0006,-0.0006,,,,0.448,28.6047,0.03,0.00796261,0.0006,,2412.232796,170.0106127
3783,Qatar-2 b,14.056,0.146,-0.146,792.635,17.162,-17.162,0.804050545,0.008655011,-0.008655011,0.78,0.01,-0.01,0.02153,0.0002,-0.0002,,,,0.146,17.162,0.01,0.008655011,0.0002,,548.5731522,29.31937938
3784,Qatar-3 b,12.285,1.569,-1.569,1369.8473,149.3801,-149.3801,1.039813052,0.009001212,-0.009001212,1.27,0.14,-0.14,0.03783,0.00069,-0.00069,1330,287,-287,1.569,149.3801,0.14,0.009001212,0.00069,287,1317.515754,297.9386211
3785,Qatar-4 b,12.722,1.233,-1.233,1938.763,171.6282,-171.6282,0.902717674,0.008655011,-0.008655011,0.85,0.06,-0.06,0.02803,0.00048,-0.00048,614,88,-88,1.233,171.6282,0.06,0.008655011,0.00048,88,610.6599486,91.75068388
3786,Qatar-5 b,12.408,0.717,-0.717,1373.0256,57.2094,-57.2094,0.994806993,0.008481911,-0.008481911,1.08,0.05,-0.05,0.04127,0.00067,-0.00067,669,60,-60,0.717,57.2094,0.05,0.008481911,0.00067,60,670.7086256,69.67227786
3787,Qatar-7 b,19.055,0.336,-0.336,597.5204,79.4575,-79.4575,1.105591137,0.006577809,-0.006577809,1.56,0.02,-0.02,0.0352,0.0002,-0.0002,,,,0.336,79.4575,0.02,0.006577809,0.0002,,2934.553721,107.9403469
3788,Qatar-8 b,14.404,0.247,-0.247,117.91493,19.70546,-19.70546,0.993249091,0.008828111,-0.008828111,1.31,0.02,-0.02,0.0474,0.0008,-0.0008,,,,0.247,19.70546,0.02,0.008828111,0.0008,,743.3932501,42.93533576
3789,Qatar-9 b,11.31,0.157,-0.157,378.2177,50.8528,-50.8528,0.74588887,0.005366107,-0.005366107,0.7,0.01,-0.01,0.0234,0.0003,-0.0003,,,,0.157,50.8528,0.01,0.005366107,0.0003,,276.987947,13.28937024
3800,TOI 150.01,15.468,0.448,-0.448,556.2025,44.4962,-54.0311,1.039120651,0.018002423,-0.016963822,1.55,0.02,-0.03,0.0583,0.0013,-0.0018,,,,0.448,49.26365,0.025,0.017483123,0.00155,,824.1194994,75.51931698
3801,TOI 172 b,10.817,0.359,-0.325,1722.6386,69.9226,-63.566,0.97715077,0.008655011,-0.008655011,1.78,0.05,-0.04,0.0914,0.0017,-0.0017,299,19,-16,0.342,66.7443,0.045,0.008655011,0.0017,17.5,345.7752691,24.92347966
3811,TRAPPIST-1 f,1.045,0.038,-0.038,0.68,0.18,-0.18,0.442963476,0.008655011,-0.008655011,0.12,0,0,0.0371,0.0011,-0.0011,0.38,0.03,-0.03,0.038,0.18,0,0.008655011,0.0011,0.03,0.40279711,0.039516595
3825,TrES-5 b,13.384,0.168,-0.168,568.9157,21.61244,-21.61244,0.895101264,0.006231608,-0.006231608,0.87,0.01,-0.01,0.02459,0.0007,-0.0007,,,,0.168,21.61244,0.01,0.006231608,0.0007,,803.5448624,54.17470939
3838,WASP-103 b,17.127,0.818,-0.527,473.547,27.968,-27.968,1.057642375,0.027696036,-0.027696036,1.44,0.05,-0.03,0.01985,0.00021,-0.00021,,,,0.6725,27.968,0.04,0.027696036,0.00021,,6585.05388,793.1068242
3839,WASP-104 b,12.745,0.415,-0.415,404.263,14.937,-14.937,0.947723732,0.021983729,-0.021983729,0.96,0.03,-0.03,0.02918,0.00045,-0.00045,,,,0.415,14.937,0.03,0.021983729,0.00045,,873.1702189,101.3279016
3840,WASP-105 b,10.761,0.336,-0.336,572.094,31.783,-31.783,0.877618141,0.022503029,-0.022503029,0.9,0.03,-0.03,0.075,0.003,-0.003,,,,0.336,31.783,0.03,0.022503029,0.003,,85.42497478,12.486034
3842,WASP-107 b,10.536,0.224,-0.224,38.1396,3.1783,-3.1783,0.766833997,0.020772027,-0.020772027,0.66,0.02,-0.02,0.055,0.001,-0.001,,,,0.224,3.1783,0.02,0.020772027,0.001,,49.79295801,6.441522327
3844,WASP-113 b,15.793,1.076,-1.569,150.96925,17.16282,-16.52716,1.019560325,0.024234032,-0.024234032,1.61,0.09,-0.12,0.05885,0.0001,-0.0001,,,,1.3225,16.84499,0.105,0.024234032,0.0001,,808.7429851,130.5670505
3845,WASP-114 b,15.009,0.717,-0.717,562.24127,20.34112,-20.34112,1.028215337,0.024234032,-0.024234032,1.43,0.06,-0.06,0.02851,0.00039,-0.00039,,,,0.717,20.34112,0.06,0.024234032,0.00039,,2811.991154,363.1542184
3847,WASP-118 b,16.141,0.404,-0.404,163.36462,6.3566,-6.3566,1.109572442,0.021637528,-0.021637528,1.7,0.03,-0.03,0.05453,0.00048,-0.00048,,,,0.404,6.3566,0.03,0.021637528,0.00048,,1473.158566,128.7653268
3848,WASP-119 b,15.693,2.242,-2.242,390.9309,25.4264,-25.4264,0.978016271,0.017310023,-0.017310023,1.2,0.1,-0.1,0.0363,0.0007,-0.0007,,,,2.242,25.4264,0.1,0.017310023,0.0007,,999.8470352,185.1131611
3849,WASP-12 b,21.712,0.628,-0.628,465.62095,25.10857,-25.10857,1.100917431,0.024234032,-0.024234032,1.66,0.05,-0.05,0.0232,0.00064,-0.00064,,,,0.628,25.10857,0.05,0.024234032,0.00064,,7520.716168,903.2948959
3850,WASP-120 b,16.511,1.076,-1.076,1541.4755,66.7443,-66.7443,1.116496451,0.020772027,-0.020772027,1.87,0.11,-0.11,0.0514,0.0007,-0.0007,,,,1.076,66.7443,0.11,0.020772027,0.0007,,2056.773004,291.7489742
3851,WASP-121 b,20.905,0.493,-0.493,375.99289,20.34112,-19.70546,1.118054353,0.024234032,-0.024234032,1.46,0.03,-0.03,0.02544,0.00049,-0.0005,,,,0.493,20.02329,0.03,0.024234032,0.000495,,5146.632588,532.8759099
3852,WASP-123 b,14.773,0.729,-0.729,285.72917,11.44188,-11.44188,0.993595292,0.022503029,-0.022503029,1.28,0.05,-0.05,0.04263,0.00074,-0.00074,,,,0.729,11.44188,0.05,0.022503029,0.00074,,878.6731859,109.4496005
3853,WASP-124 b,13.899,0.336,-0.336,190.698,22.2481,-22.2481,1.047256361,0.017310023,-0.017310023,1.02,0.02,-0.02,0.0449,0.0007,-0.0007,,,,0.336,22.2481,0.02,0.017310023,0.0007,,620.7542333,51.49407454
3854,WASP-126 b,10.761,1.121,-0.56,88.9924,12.7132,-12.7132,1.003981305,0.017310023,-0.017310023,1.27,0.1,-0.05,0.0449,0.0008,-0.0008,,,,0.8405,12.7132,0.075,0.017310023,0.0008,,812.8628283,114.8874724
3855,WASP-127 b,15.356,0.448,-0.448,57.2094,6.3566,-6.3566,0.972823265,0.014713519,-0.014713519,1.39,0.03,-0.03,0.052,0.0005,-0.0005,,,,0.448,6.3566,0.03,0.014713519,0.0005,,639.9686581,49.12823427
3856,WASP-129 b,10.424,0.336,-0.336,317.83,31.783,-31.783,1.021291328,0.017310023,-0.017310023,0.9,0.02,-0.02,0.0628,0.0007,-0.0007,,,,0.336,31.783,0.02,0.017310023,0.0007,,223.4417416,18.78594539
3858,WASP-130 b,9.976,0.336,-0.336,390.9309,12.7132,-12.7132,0.973688766,0.01557902,-0.01557902,0.96,0.03,-0.03,0.1012,0.0014,-0.0014,,,,0.336,12.7132,0.03,0.01557902,0.0014,,80.88389897,7.573673638
3859,WASP-131 b,13.675,0.56,-0.56,85.8141,6.3566,-6.3566,1.043794357,0.01557902,-0.01557902,1.53,0.05,-0.05,0.0607,0.0009,-0.0009,,,,0.56,6.3566,0.05,0.01557902,0.0009,,754.1630629,70.40624708
3860,WASP-132 b,9.752,0.336,-0.336,130.3103,9.5349,-9.5349,0.826553575,0.017310023,-0.017310023,0.74,0.02,-0.02,0.067,0.001,-0.001,,,,0.336,9.5349,0.02,0.017310023,0.001,,56.93743094,5.925394842
3861,WASP-133 b,13.563,0.56,-0.56,368.6828,28.6047,-28.6047,0.986671283,0.017310023,-0.017310023,1.44,0.05,-0.05,0.0345,0.0007,-0.0007,,,,0.56,28.6047,0.05,0.017310023,0.0007,,1651.112809,176.2429393
3862,WASP-135 b,14.572,1.009,-1.009,603.877,25.4264,-25.4264,0.982343777,0.010386014,-0.010386014,0.96,0.05,-0.05,0.0243,0.0005,-0.0005,,,,1.009,25.4264,0.05,0.010386014,0.0005,,1453.395838,173.9995316
3863,WASP-136 b,15.468,1.793,-1.793,479.9233,25.4264,-25.4264,1.083607409,0.017310023,-0.017310023,2.21,0.22,-0.22,0.0661,0.0012,-0.0012,,,,1.793,25.4264,0.22,0.017310023,0.0012,,1541.237229,327.091314
3864,WASP-138 b,12.218,0.56,-0.56,387.7526,25.4264,-25.4264,1.085684611,0.016617622,-0.016617622,1.36,0.05,-0.05,0.0494,0.0007,-0.0007,,,,0.56,25.4264,0.05,0.016617622,0.0007,,1053.024916,105.0820351
3865,WASP-139 b,8.967,0.56,-0.56,37.18611,5.40311,-5.40311,0.919162195,0.01557902,-0.01557902,0.8,0.04,-0.04,0.062,0.002,-0.002,,,,0.56,5.40311,0.04,0.01557902,0.002,,118.8407022,16.2767131
3867,WASP-140 b,16.141,4.708,-2.018,775.5052,22.2481,-22.2481,0.910507184,0.017310023,-0.017310023,0.87,0.04,-0.04,0.0323,0.0005,-0.0005,,,,3.363,22.2481,0.04,0.017310023,0.0005,,498.6168687,61.46752117
3868,WASP-141 b,13.563,0.897,-0.897,854.9627,47.6745,-47.6745,1.021291328,0.020772027,-0.020772027,1.37,0.07,-0.07,0.0469,0.0007,-0.0007,,,,0.897,47.6745,0.07,0.020772027,0.0007,,928.31213,124.3820689
3869,WASP-142 b,17.15,0.897,-0.897,266.9772,28.6047,-28.6047,1.040332352,0.024234032,-0.024234032,1.64,0.08,-0.08,0.0347,0.0007,-0.0007,,,,0.897,28.6047,0.08,0.024234032,0.0007,,2616.478463,368.4320896
3870,WASP-144 b,9.528,0.56,-0.56,139.8452,19.0698,-19.0698,0.90012117,0.024234032,-0.024234032,0.81,0.04,-0.04,0.0316,0.0005,-0.0005,,,,0.56,19.0698,0.04,0.024234032,0.0005,,431.3201791,64.48732286
3872,WASP-147 b,12.498,1.569,-1.042,87.40325,8.89924,-8.58141,0.987017483,0.017310023,-0.017310023,1.43,0.14,-0.08,0.0549,0.0012,-0.0013,,,,1.3055,8.740325,0.11,0.017310023,0.00125,,643.9123692,112.7553378
3874,WASP-151 b,12.666,0.336,-0.336,98.5273,12.7132,-9.5349,1.016271421,0.009866713,-0.009866713,1.14,0.03,-0.03,0.055,0.001,-0.001,460,20,-20,0.336,11.12405,0.03,0.009866713,0.001,20,458.2718438,34.29561048
3875,WASP-153 b,17.374,1.121,-0.897,123.9537,6.3566,-6.3566,1.023714731,0.011078414,-0.011078414,1.73,0.1,-0.09,0.048,0.001,-0.001,1400,200,-100,1.009,6.3566,0.095,0.011078414,0.001,150,1426.676613,178.6012528
3876,WASP-156 b,5.717,0.224,-0.224,40.68224,3.1783,-2.86047,0.849922105,0.010559114,-0.010559114,0.76,0.03,-0.03,0.0453,0.0009,-0.0009,150,10,-10,0.224,3.019385,0.03,0.010559114,0.0009,10,146.8747968,14.89248772
3878,WASP-158 b,11.994,1.681,-1.681,886.7457,73.1009,-73.1009,1.099186429,0.025965034,-0.025965034,1.39,0.18,-0.18,0.0517,0.0018,-0.0018,,,,1.681,73.1009,0.18,0.025965034,0.0018,,1055.197966,300.0437848
3879,WASP-159 b,15.468,1.009,-1.009,174.8065,25.4264,-25.4264,1.059373377,0.024234032,-0.024234032,2.11,0.1,-0.1,0.0538,0.0015,-0.0015,,,,1.009,25.4264,0.1,0.024234032,0.0015,,1937.298658,277.154133
3881,WASP-160 B b,12.218,0.527,-0.46,88.35674,13.98452,-14.30235,0.917084992,0.017136922,-0.017136922,0.87,0.03,-0.03,0.0452,0.0012,-0.0012,,,,0.4935,14.143435,0.03,0.017136922,0.0012,,262.0595442,30.06545272
3882,WASP-161 b,12.812,0.729,-0.65,791.3967,66.7443,-66.7443,1.10784144,0.017310023,-0.017310023,1.71,0.08,-0.07,0.0673,0.0023,-0.0023,990,250,-190,0.6895,66.7443,0.075,0.017310023,0.0023,220,972.4617275,124.0517371
3883,WASP-162 b,11.209,0.56,-0.56,1652.716,63.566,-63.566,0.917431193,0.017310023,-0.017310023,1.11,0.05,-0.05,0.0871,0.0013,-0.0013,,,,0.56,63.566,0.05,0.017310023,0.0013,,115.0545123,13.95116905
3884,WASP-163 b,13.473,1.087,-1.087,594.3421,66.7443,-66.7443,0.952051238,0.034620045,-0.034620045,1.01,0.07,-0.07,0.0266,0.0014,-0.0014,1200,330,-330,1.087,66.7443,0.07,0.034620045,0.0014,330,1184.460991,268.6694873
3885,WASP-164 b,12.644,0.46,-0.482,676.9779,38.1396,-41.3179,1.005019907,0.032889043,-0.034620045,0.93,0.03,-0.03,0.02818,0.00065,-0.00072,,,,0.471,39.72875,0.03,0.033754544,0.000685,,1111.175291,174.1892721
3886,WASP-165 b,14.123,2.13,-1.906,209.13214,30.82951,-29.24036,0.96918816,0.025965034,-0.025965034,1.75,0.18,-0.18,0.04823,0.00091,-0.00092,,,,2.018,30.034935,0.18,0.025965034,0.000915,,1161.64646,273.0283035
3887,WASP-166 b,7.062,0.336,-0.336,32.10083,1.58915,-1.58915,1.047256361,0.008655011,-0.008655011,1.22,0.06,-0.06,0.0641,0.0011,-0.0011,440,40,-40,0.336,1.58915,0.06,0.008655011,0.0011,40,435.7281626,47.62330767
3889,WASP-168 b,16.814,5.604,-3.363,133.4886,12.7132,-12.7132,1.03860135,0.017310023,-0.017310023,1.12,0.06,-0.06,0.0519,0.0008,-0.0008,,,,4.4835,12.7132,0.06,0.017310023,0.0008,,541.8721879,70.39008093
3891,WASP-170 b,12.285,0.953,-0.953,508.528,63.566,-63.566,0.96936126,0.025965034,-0.025965034,0.94,0.06,-0.06,0.0337,0.0018,-0.0018,680,170,-180,0.953,63.566,0.06,0.025965034,0.0018,175,686.9712204,135.9927568
3892,WASP-172 b,17.598,1.121,-1.121,149.3801,31.783,-31.783,1.194391553,0.024234032,-0.024234032,1.91,0.1,-0.1,0.0694,0.0011,-0.0011,,,,1.121,31.783,0.1,0.024234032,0.0011,,1541.468614,209.9815879
3893,WASP-173 A b,13.451,0.673,-0.673,1172.7927,57.2094,-57.2094,1.003981305,0.024234032,-0.024234032,1.11,0.05,-0.05,0.0248,0.0006,-0.0006,,,,0.673,57.2094,0.05,0.024234032,0.0006,,2035.378112,286.2567449
3895,WASP-177 b,17.71,7.398,-4.035,161.45764,12.07754,-12.07754,0.868443829,0.012117016,-0.012117016,0.89,0.05,-0.05,0.03957,0.00058,-0.00058,,,,5.7165,12.07754,0.05,0.012117016,0.00058,,287.7496783,37.07264538
3897,WASP-181 b,13.271,0.796,-0.661,95.03117,10.80622,-10.80622,1.010732214,0.012117016,-0.012117016,0.96,0.04,-0.04,0.05427,0.00069,-0.00069,,,,0.7285,10.80622,0.04,0.012117016,0.00069,,326.563208,32.47716473
3899,WASP-19 b,15.603,0.448,-0.448,339.76027,12.07754,-11.75971,0.963822053,0.012290116,-0.012290116,1,0.02,-0.02,0.01634,0.00024,-0.00024,,,,0.448,11.918625,0.02,0.012290116,0.00024,,3232.089154,230.0130912
3900,WASP-190 b,12.89,1.009,-1.009,317.83,31.783,-31.783,1.10784144,0.017310023,-0.017310023,1.6,0.1,-0.1,0.0663,0.0008,-0.0008,,,,1.009,31.783,0.1,0.017310023,0.0008,,877.2499139,124.413829
3901,WASP-2 b,12.005,0.897,-0.93,290.802,28.603,-29.557,0.90012117,0.034620045,-0.034620045,0.84,0.06,-0.07,0.03138,0.0013,-0.00154,,,,0.9135,29.08,0.065,0.034620045,0.00142,,470.3883943,111.125981
3902,WASP-20 b,16.388,0.661,-0.661,98.841,5.403,-5.403,1.028215337,0.017310023,-0.017310023,1.39,0.04,-0.04,0.06,0.00069,-0.00069,,,,0.661,5.403,0.04,0.017310023,0.00069,,599.8786556,54.9016556
3903,WASP-21 b,11.99,0.56,-0.56,95.345,3.496,-3.496,1.003981305,0.017310023,-0.017310023,1.14,0.05,-0.05,0.052,0.00041,-0.00044,,,,0.56,3.496,0.05,0.017310023,0.000425,,488.3211329,55.07022951
3909,WASP-28 b,13.597,0.471,-0.471,288.26,13.666,-13.666,1.064566384,0.024234032,-0.024234032,1.09,0.03,-0.03,0.04469,0.00076,-0.00076,,,,0.471,13.666,0.03,0.024234032,0.00076,,764.0526379,85.34926503
3914,WASP-33 b,17.856,0.829,-0.829,665.21819,44.17837,-44.17837,1.286134672,0.017310023,-0.017310023,1.44,0.03,-0.03,0.0239,0.00063,-0.00063,,,,0.829,44.17837,0.03,0.017310023,0.00063,,9932.874932,855.2526985
3917,WASP-36 b,14.874,0.235,-0.235,750.39663,22.2481,-22.2481,1.031504241,0.02319543,-0.02319543,0.98,0.01,-0.01,0.02677,0.00028,-0.00028,,,,0.235,22.2481,0.01,0.02319543,0.00028,,1517.188285,143.4905143
3921,WASP-4 b,14.807,0.437,-0.437,376.94638,28.6047,-31.14734,0.934741215,0.01557902,-0.01557902,0.89,0.03,-0.03,0.0226,0.0007,-0.0008,,,,0.437,29.87602,0.03,0.01557902,0.00075,,1183.937302,137.0226513
3924,WASP-42 b,12.576,0.437,-0.437,167.49641,8.89924,-8.89924,0.920027696,0.013674918,-0.013674918,0.89,0.03,-0.03,0.0561,0.0012,-0.0012,,,,0.437,8.89924,0.03,0.013674918,0.0012,,180.3258118,17.95115678
3935,WASP-5 b,12.184,0.762,-0.796,502.15,41.32,-31.78,0.986671283,0.017310023,-0.017310023,1.03,0.06,-0.07,0.0267,0.0012,-0.0008,,,,0.779,36.55,0.065,0.017310023,0.001,,1410.398636,229.4464437
3936,WASP-50 b,13.07,0.482,-0.482,466.8287,29.24036,-29.24036,0.934741215,0.017310023,-0.017310023,0.84,0.03,-0.03,0.0293,0.0013,-0.0013,,,,0.482,29.24036,0.03,0.017310023,0.0013,,627.4641254,85.25965398
3937,WASP-52 b,14.24,0.34,-0.34,146.2,6.36,-6.36,0.865501125,0.017310023,-0.017310023,0.79,0.02,-0.02,0.0272,0.0003,-0.0003,,,,0.34,6.36,0.02,0.017310023,0.0003,,473.3549486,46.01605021
3938,WASP-53 b,12.038,0.415,-0.415,677.61356,29.24036,-29.87602,0.857365415,0.010386014,-0.010386014,0.8,0.02,-0.02,0.04101,0.00083,-0.00091,,,,0.415,29.55819,0.02,0.010386014,0.00087,,205.6194898,16.76539946
3943,WASP-57 b,11.769,0.594,-0.594,204.68252,19.70546,-19.70546,0.96936126,0.017310023,-0.017310023,0.93,0.03,-0.03,0.03769,0.00097,-0.00097,,,,0.594,19.70546,0.03,0.017310023,0.00097,,537.5962864,58.67881076
3945,WASP-59 b,8.687,0.762,-0.762,274.276,14.302,-14.302,0.804916046,0.025965034,-0.025965034,0.61,0.04,-0.04,0.0697,0.0011,-0.0011,,,,0.762,14.302,0.04,0.025965034,0.0011,,32.15114582,6.001618957
3951,WASP-64 b,14.247,0.437,-0.437,403.945,21.612,-21.612,0.934741215,0.017310023,-0.017310023,1.06,0.03,-0.03,0.02648,0.00024,-0.00024,,,,0.437,21.612,0.03,0.017310023,0.00024,,1223.323555,116.1805761
3952,WASP-65 b,12.464,0.661,-0.661,492.62,50.85,-50.85,0.96936126,0.017310023,-0.017310023,1.01,0.05,-0.05,0.0334,0.0016,-0.0017,,,,0.661,50.85,0.05,0.017310023,0.00165,,807.4068912,126.8089385
3957,WASP-7 b,14.908,1.042,-1.042,305.1168,41.3179,-41.3179,1.10784144,0.017310023,-0.017310023,1.43,0.09,-0.09,0.0617,0.0011,-0.0011,,,,1.042,41.3179,0.09,0.017310023,0.0011,,809.1185773,117.3136127
3958,WASP-70 A b,13.047,0.818,-1.143,187.512,6.992,-6.992,0.997576597,0.013674918,-0.013674918,1.22,0.06,-0.09,0.04853,0.00062,-0.00062,,,,0.9805,6.992,0.075,0.013674918,0.00062,,625.8699308,85.76102932
3963,WASP-75 b,14.235,0.538,-0.538,340.06,15.89,-15.89,1.055911373,0.017310023,-0.017310023,1.26,0.04,-0.04,0.0375,0.0007,-0.0008,,,,0.538,15.89,0.04,0.017310023,0.00075,,1403.422467,139.858365
3964,WASP-76 b,20.512,0.673,-0.448,292.4036,9.5349,-9.5349,1.081876406,0.017310023,-0.017310023,1.73,0.04,-0.04,0.033,0.0005,-0.0005,,,,0.5605,9.5349,0.04,0.017310023,0.0005,,3765.086218,318.4263177
3970,WASP-80 b,11.198,0.336,-0.347,170.99254,11.12405,-11.44188,0.717154232,0.015925221,-0.016271421,0.59,0.02,-0.02,0.0344,0.001,-0.0011,,,,0.3415,11.282965,0.02,0.016098321,0.00105,,77.81035579,9.960121374
3971,WASP-81 b,16.018,0.572,-0.516,231.69807,11.44188,-11.12405,1.016098321,0.020772027,-0.020772027,1.28,0.04,-0.04,0.03908,0.0007,-0.00072,,,,0.544,11.282965,0.04,0.020772027,0.00071,,1143.546329,124.8150773
3973,WASP-83 b,11.657,0.897,-0.56,95.349,9.5349,-9.5349,0.95378224,0.019041025,-0.019041025,1.05,0.06,-0.04,0.059,0.001,-0.001,,,,0.7285,9.5349,0.05,0.019041025,0.001,,262.1027032,33.76568576
3974,WASP-84 b,10.559,0.247,-0.247,220.565,8.899,-8.899,0.919854596,0.01523282,-0.01523282,0.75,0.01,-0.01,0.0771,0.0012,-0.0012,,,,0.247,8.899,0.01,0.01523282,0.0012,,67.74706746,5.27724967
3975,WASP-85 A b,13.899,0.336,-0.336,402.05495,20.65895,-20.65895,1.057988575,0.004673706,-0.004673706,0.94,0.02,-0.02,0.039,0.001,-0.001,,,,0.336,20.65895,0.02,0.004673706,0.001,,727.8642773,50.17966928
3976,WASP-87 b,15.524,0.673,-0.673,692.8694,47.6745,-47.6745,1.116496451,0.020772027,-0.020772027,1.63,0.06,-0.06,0.02946,0.00075,-0.00075,,,,0.673,47.6745,0.06,0.020772027,0.00075,,4757.065291,553.7532255
3978,WASP-89 b,11.657,0.448,-0.448,1875.197,127.132,-127.132,0.888004154,0.01557902,-0.01557902,0.88,0.03,-0.03,0.0427,0.0012,-0.0012,,,,0.448,127.132,0.03,0.01557902,0.0012,,264.1007196,29.80067038
3979,WASP-90 b,18.271,1.009,-1.009,200.2329,22.2481,-22.2481,1.113034447,0.022503029,-0.022503029,1.98,0.09,-0.09,0.0562,0.0012,-0.0012,,,,1.009,22.2481,0.09,0.022503029,0.0012,,1904.987678,245.6492745
3980,WASP-91 b,11.545,0.448,-0.448,425.8922,25.4264,-25.4264,0.851653107,0.013848018,-0.013848018,0.86,0.03,-0.03,0.037,0.001,-0.001,,,,0.448,25.4264,0.03,0.013848018,0.001,,284.2132987,31.15945239
3981,WASP-92 b,16.376,0.863,-0.863,255.85315,21.61244,-21.61244,1.087069413,0.020772027,-0.020772027,1.34,0.06,-0.06,0.0348,0.00036,-0.00036,,,,0.863,21.61244,0.06,0.020772027,0.00036,,2070.523736,247.5093309
3982,WASP-93 b,17.901,0.863,-0.863,467.2101,92.1707,-92.1707,1.159771508,0.017310023,-0.017310023,1.52,0.04,-0.04,0.04211,0.00035,-0.00035,,,,0.863,92.1707,0.04,0.017310023,0.00035,,2357.254284,191.6591216
3986,WASP-96 b,13.45,0.67,-0.67,152.55,9.53,-9.53,0.958975247,0.024234032,-0.024234032,1.05,0.05,-0.05,0.0453,0.0013,-0.0013,,,,0.67,9.53,0.05,0.024234032,0.0013,,454.3722324,68.28033536
3988,WASP-98 b,12.823,0.381,-0.381,293.03926,25.4264,-25.4264,0.947377532,0.020945127,-0.020945127,0.74,0.02,-0.02,0.03762,0.001,-0.001,,,,0.381,25.4264,0.02,0.020945127,0.001,,311.6866344,36.30682845
3992,WTS-1 b,16.7,1.79,-2.02,1274.44,111.24,-111.24,1.081876406,0.034620045,-0.034620045,1.15,0.1,-0.12,0.047,0.001,-0.001,,,,1.905,111.24,0.11,0.034620045,0.001,,820.1826235,191.9860381
3993,WTS-2 b,15.278,0.684,-0.684,355.9696,50.8528,-50.8528,0.865501125,0.043275056,-0.043275056,0.75,0.03,-0.03,0.01855,0.00062,-0.00062,,,,0.684,50.8528,0.03,0.043275056,0.00062,,917.2870157,206.8852072
4004,XO-5 b,12.78,0.34,-0.34,378.2,9.53,-9.53,0.939934222,0.012117016,-0.012117016,1.13,0.03,-0.03,0.0515,0.0005,-0.0005,,,,0.34,9.53,0.03,0.012117016,0.0005,,375.7788016,28.75470239
4031,pi Men c,2.042,0.05,-0.05,4.82,0.84,-0.86,1.045006059,0.00778951,-0.00778951,1.1,0.02,-0.02,0.06839,0.0005,-0.0005,309,29,-66,0.05,0.85,0.02,0.00778951,0.0005,47.5,308.5143691,15.1929447
